{
	"credit": "Made with Blockbench",
	"texture_size": [64, 64],
	"textures": {
		"1": "inmis:item/blazing_backpack",
		"particle": "inmis:item/blazing_backpack"
	},
	"elements": [
		{
			"from": [1.5, 0, 5],
			"to": [3.5, 7, 8],
			"faces": {
				"north": {"uv": [0.25, 9.5, 0.75, 11.25], "texture": "#1"},
				"east": {"uv": [2.5, 8.5, 3.25, 10.25], "texture": "#1"},
				"south": {"uv": [0.75, 9.5, 1.25, 11.25], "texture": "#1"},
				"west": {"uv": [3.25, 8.5, 4, 10.25], "texture": "#1"},
				"up": {"uv": [10.5, 11.5, 10, 10.75], "texture": "#1"},
				"down": {"uv": [11, 10.75, 10.5, 11.5], "texture": "#1"}
			}
		},
		{
			"from": [3, 0, 4],
			"to": [13, 13, 9],
			"faces": {
				"north": {"uv": [0, 0, 3, 3.75], "texture": "#1"},
				"east": {"uv": [5, 3.75, 6.25, 7.5], "texture": "#1"},
				"south": {"uv": [3, 0, 6, 3.75], "texture": "#1"},
				"west": {"uv": [0, 5.75, 1.25, 9.5], "texture": "#1"},
				"up": {"uv": [4.25, 7, 1.25, 5.75], "texture": "#1"},
				"down": {"uv": [9, 0, 6, 1.25], "texture": "#1"}
			}
		},
		{
			"from": [4, 11, 9],
			"to": [6, 12, 13],
			"faces": {
				"north": {"uv": [8.75, 5, 9.25, 5.25], "texture": "#1"},
				"east": {"uv": [10.75, 7.25, 12.25, 7.5], "texture": "#1"},
				"south": {"uv": [9, 3, 9.5, 3.25], "texture": "#1"},
				"west": {"uv": [10.75, 7.5, 12.25, 7.75], "texture": "#1"},
				"up": {"uv": [10.25, 1.5, 9.75, 0], "texture": "#1"},
				"down": {"uv": [10.25, 6.25, 9.75, 7.75], "texture": "#1"}
			}
		},
		{
			"from": [10, 0, 13],
			"to": [12, 12, 14.1],
			"faces": {
				"north": {"uv": [4.25, 5.75, 4.75, 9.5], "texture": "#1"},
				"east": {"uv": [5.75, 7.5, 6, 11.25], "texture": "#1"},
				"south": {"uv": [6.25, 6.75, 6.75, 10.5], "texture": "#1"},
				"west": {"uv": [6, 7.5, 6.25, 11.25], "texture": "#1"},
				"up": {"uv": [9.75, 6.5, 9.25, 6.25], "texture": "#1"},
				"down": {"uv": [9.75, 6.5, 9.25, 6.75], "texture": "#1"}
			}
		},
		{
			"from": [4, 0, 13],
			"to": [6, 12, 14.1],
			"faces": {
				"north": {"uv": [6.75, 6.75, 7.25, 10.5], "texture": "#1"},
				"east": {"uv": [4, 8.5, 4.25, 12.25], "texture": "#1"},
				"south": {"uv": [1.25, 7, 1.75, 10.75], "texture": "#1"},
				"west": {"uv": [0, 9.5, 0.25, 13.25], "texture": "#1"},
				"up": {"uv": [11.75, 0.75, 11.25, 0.5], "texture": "#1"},
				"down": {"uv": [11.75, 0.75, 11.25, 1], "texture": "#1"}
			}
		},
		{
			"from": [10, 11, 9],
			"to": [12, 12, 13],
			"faces": {
				"north": {"uv": [11.25, 1, 11.75, 1.25], "texture": "#1"},
				"east": {"uv": [11, 7.75, 12.5, 8], "texture": "#1"},
				"south": {"uv": [11.25, 1.25, 11.75, 1.5], "texture": "#1"},
				"west": {"uv": [11, 8, 12.5, 8.25], "texture": "#1"},
				"up": {"uv": [10.5, 3, 10, 1.5], "texture": "#1"},
				"down": {"uv": [10.5, 3, 10, 4.5], "texture": "#1"}
			}
		},
		{
			"from": [4, 0, 9],
			"to": [6, 1, 13],
			"faces": {
				"north": {"uv": [11.25, 1.5, 11.75, 1.75], "texture": "#1"},
				"east": {"uv": [11, 8.25, 12.5, 8.5], "texture": "#1"},
				"south": {"uv": [11.25, 1.75, 11.75, 2], "texture": "#1"},
				"west": {"uv": [11, 8.5, 12.5, 8.75], "texture": "#1"},
				"up": {"uv": [7.75, 11.5, 7.25, 10], "texture": "#1"},
				"down": {"uv": [8.25, 10, 7.75, 11.5], "texture": "#1"}
			}
		},
		{
			"from": [10, 0, 9],
			"to": [12, 1, 13],
			"faces": {
				"north": {"uv": [11.25, 2, 11.75, 2.25], "texture": "#1"},
				"east": {"uv": [11, 8.75, 12.5, 9], "texture": "#1"},
				"south": {"uv": [11.25, 2.25, 11.75, 2.5], "texture": "#1"},
				"west": {"uv": [11, 9, 12.5, 9.25], "texture": "#1"},
				"up": {"uv": [10.5, 9.25, 10, 7.75], "texture": "#1"},
				"down": {"uv": [10.5, 9.25, 10, 10.75], "texture": "#1"}
			}
		},
		{
			"from": [4, 1, 2],
			"to": [12, 7, 4],
			"faces": {
				"north": {"uv": [0, 3.75, 2.5, 5.75], "texture": "#1"},
				"east": {"uv": [8.25, 8.25, 9, 10.25], "texture": "#1"},
				"south": {"uv": [2.5, 3.75, 5, 5.75], "texture": "#1"},
				"west": {"uv": [1.75, 8.5, 2.5, 10.5], "texture": "#1"},
				"up": {"uv": [4.25, 7.75, 1.75, 7], "texture": "#1"},
				"down": {"uv": [9.75, 6.75, 7.25, 7.5], "texture": "#1"}
			}
		},
		{
			"from": [7, 2.24, 1.76],
			"to": [9, 7.24, 5.76],
			"faces": {
				"north": {"uv": [9.5, 3, 10, 4.75], "texture": "#1"},
				"east": {"uv": [4.75, 7.5, 5.75, 9.25], "texture": "#1"},
				"south": {"uv": [4.25, 9.5, 4.75, 11.25], "texture": "#1"},
				"west": {"uv": [7.25, 8.25, 8.25, 10], "texture": "#1"},
				"up": {"uv": [11, 8.75, 10.5, 7.75], "texture": "#1"},
				"down": {"uv": [11, 8.75, 10.5, 9.75], "texture": "#1"}
			}
		},
		{
			"from": [9.9, 9, 3.66],
			"to": [11.1, 10, 7.66],
			"faces": {
				"north": {"uv": [9.5, 4.75, 10.0625, 5], "texture": "#1"},
				"east": {"uv": [11, 9.25, 12, 9.5], "texture": "#1"},
				"south": {"uv": [11, 10.75, 11.5625, 11], "texture": "#1"},
				"west": {"uv": [11, 9.5, 12, 9.75], "texture": "#1"},
				"up": {"uv": [11.0625, 2.5, 10.5, 1.5], "texture": "#1"},
				"down": {"uv": [2.3125, 10.5, 1.75, 11.5], "texture": "#1"}
			}
		},
		{
			"from": [10, 8.5, 3.76],
			"to": [11, 12.5, 7.76],
			"faces": {
				"north": {"uv": [3.5, 10.25, 4, 11.5], "texture": "#1"},
				"east": {"uv": [9, 1.75, 10, 3], "texture": "#1"},
				"south": {"uv": [10.25, 5.25, 10.75, 6.5], "texture": "#1"},
				"west": {"uv": [9, 8.25, 10, 9.5], "texture": "#1"},
				"up": {"uv": [11, 10.75, 10.5, 9.75], "texture": "#1"},
				"down": {"uv": [1.75, 10.75, 1.25, 11.75], "texture": "#1"}
			}
		},
		{
			"from": [5, 8.5, 3.76],
			"to": [6, 12.5, 7.76],
			"faces": {
				"north": {"uv": [10.25, 6.5, 10.75, 7.75], "texture": "#1"},
				"east": {"uv": [4.75, 9.25, 5.75, 10.5], "texture": "#1"},
				"south": {"uv": [8.25, 10.25, 8.75, 11.5], "texture": "#1"},
				"west": {"uv": [9.25, 5, 10.25, 6.25], "texture": "#1"},
				"up": {"uv": [11.25, 6.25, 10.75, 5.25], "texture": "#1"},
				"down": {"uv": [11.25, 6.25, 10.75, 7.25], "texture": "#1"}
			}
		},
		{
			"from": [4.9, 9, 3.66],
			"to": [6.1, 10, 7.66],
			"faces": {
				"north": {"uv": [11, 11, 11.5625, 11.25], "texture": "#1"},
				"east": {"uv": [11, 9.75, 12, 10], "texture": "#1"},
				"south": {"uv": [11.25, 0, 11.8125, 0.25], "texture": "#1"},
				"west": {"uv": [11, 10, 12, 10.25], "texture": "#1"},
				"up": {"uv": [11.0625, 3.5, 10.5, 2.5], "texture": "#1"},
				"down": {"uv": [11.0625, 3.5, 10.5, 4.5], "texture": "#1"}
			}
		},
		{
			"from": [6.9, 3, 1.66],
			"to": [9.1, 4, 5.66],
			"faces": {
				"north": {"uv": [0.25, 11.25, 0.8125, 11.5], "texture": "#1"},
				"east": {"uv": [11, 10.25, 12, 10.5], "texture": "#1"},
				"south": {"uv": [11.25, 0.25, 11.8125, 0.5], "texture": "#1"},
				"west": {"uv": [11, 10.5, 12, 10.75], "texture": "#1"},
				"up": {"uv": [5.3125, 11.5, 4.75, 10.5], "texture": "#1"},
				"down": {"uv": [6.8125, 10.5, 6.25, 11.5], "texture": "#1"}
			}
		},
		{
			"from": [4.25, 4.25, 1.75],
			"to": [11.75, 7.25, 4.75],
			"faces": {
				"north": {"uv": [7.25, 7.5, 9.625, 8.25], "texture": "#1"},
				"east": {"uv": [10.25, 0, 11.25, 0.75], "texture": "#1"},
				"south": {"uv": [1.75, 7.75, 4.125, 8.5], "texture": "#1"},
				"west": {"uv": [10.25, 0.75, 11.25, 1.5], "texture": "#1"},
				"up": {"uv": [8.625, 4.25, 6.25, 3.25], "texture": "#1"},
				"down": {"uv": [8.625, 4.25, 6.25, 5.25], "texture": "#1"}
			}
		},
		{
			"from": [3.25, 10.25, 3.75],
			"to": [12.75, 13.25, 7.75],
			"faces": {
				"north": {"uv": [6.25, 5.25, 9.125, 6], "texture": "#1"},
				"east": {"uv": [2.5, 10.25, 3.5, 11], "texture": "#1"},
				"south": {"uv": [6.25, 6, 9.125, 6.75], "texture": "#1"},
				"west": {"uv": [10.25, 4.5, 11.25, 5.25], "texture": "#1"},
				"up": {"uv": [8.875, 2.25, 6, 1.25], "texture": "#1"},
				"down": {"uv": [8.875, 2.25, 6, 3.25], "texture": "#1"}
			}
		},
		{
			"from": [12.5, 0, 5],
			"to": [14.5, 7, 8],
			"faces": {
				"north": {"uv": [9, 9.5, 9.5, 11.25], "texture": "#1"},
				"east": {"uv": [8.75, 3.25, 9.5, 5], "texture": "#1"},
				"south": {"uv": [9.5, 9.5, 10, 11.25], "texture": "#1"},
				"west": {"uv": [9, 0, 9.75, 1.75], "texture": "#1"},
				"up": {"uv": [3, 11.75, 2.5, 11], "texture": "#1"},
				"down": {"uv": [3.5, 11, 3, 11.75], "texture": "#1"}
			}
		}
	],
	"display": {
		"thirdperson_righthand": {
			"rotation": [55.55, -46.94, 26.32],
			"translation": [1.5, 0, -2],
			"scale": [0.5, 0.5, 0.5]
		},
		"thirdperson_lefthand": {
			"rotation": [54.94, -49.72, 7.89],
			"translation": [1.5, 0, -1.75],
			"scale": [0.5, 0.5, 0.5]
		},
		"firstperson_righthand": {
			"rotation": [0, 15.5, 0],
			"translation": [-1.25, 3.5, 3.5],
			"scale": [0.70508, 0.41602, 0.40039]
		},
		"firstperson_lefthand": {
			"rotation": [0, 15.5, 0],
			"translation": [1.25, 3.5, 3.5],
			"scale": [0.70508, 0.41602, 0.40039]
		},
		"ground": {
			"translation": [0, 4, 0],
			"scale": [0.72, 0.75, 0.75]
		},
		"gui": {
			"rotation": [180, -26.5, 180],
			"translation": [0, 1.25, 0]
		},
		"head": {
			"rotation": [0, -180, 0],
			"translation": [0, -13.5, 4]
		}
	},
	"groups": [
		{
			"name": "group",
			"origin": [0, 0, 0],
			"color": 0,
			"children": [0, 1, 2, 3, 4, 5, 6, 7, 8, 9, 10, 11, 12, 13, 14, 15, 16, 17]
		}
	]
}